location,ACCIDENT,COLLAPSE,DROWN,EPIDEMIC,FLOOD,INDUSTRIAL FIRE,MAN MADE(BUILDING COLLAPSE),MAN_MADE,PEST_INFESTATION,RAIN_STORM,TIDAL_WAVE,WIND_STORM
ABEASE,1.6666666666666667,0.0,0.0,11.666666666666666,10.0,0.0,0.0,58.333333333333336,0.0,3.3333333333333335,13.333333333333334,1.6666666666666667
ABENBOBOM,1.6666666666666667,0.0,0.0,13.333333333333334,0.0,0.0,0.0,73.33333333333333,0.0,0.0,10.0,1.6666666666666667
ABOADI,0.0,0.0,0.0,15.0,0.0,0.0,0.0,73.33333333333333,0.0,0.0,10.0,1.6666666666666667
ABOADZE,0.0,0.0,0.0,15.0,0.0,0.0,0.0,73.33333333333333,0.0,0.0,10.0,1.6666666666666667
ABODUAM,0.0,0.0,0.0,13.333333333333334,10.0,0.0,0.0,58.333333333333336,0.0,3.3333333333333335,13.333333333333334,1.6666666666666667
ABOI,0.0,0.0,0.0,13.333333333333334,10.0,0.0,0.0,58.333333333333336,0.0,3.3333333333333335,13.333333333333334,1.6666666666666667
ABOSO,0.0,0.0,0.0,8.333333333333332,1.6666666666666667,0.0,0.0,71.66666666666667,0.0,0.0,10.0,8.333333333333332
ABUESI,0.0,0.0,0.0,15.0,0.0,0.0,0.0,73.33333333333333,0.0,0.0,10.0,1.6666666666666667
ABUESI COMPOUND,0.0,0.0,0.0,16.666666666666664,10.0,0.0,0.0,56.666666666666664,0.0,0.0,13.333333333333334,3.3333333333333335
ABUESI-BAKAEKYIR,0.0,0.0,0.0,16.666666666666664,10.0,0.0,0.0,56.666666666666664,0.0,0.0,13.333333333333334,3.3333333333333335
ABURA,0.0,0.0,0.0,16.666666666666664,0.0,0.0,0.0,61.66666666666667,0.0,0.0,20.0,1.6666666666666667
"ABURA,AGONA",0.0,0.0,0.0,16.666666666666664,0.0,0.0,0.0,61.66666666666667,0.0,0.0,20.0,1.6666666666666667
ACHOWA,1.6666666666666667,0.0,0.0,16.666666666666664,10.0,0.0,0.0,51.66666666666667,0.0,0.0,13.333333333333334,6.666666666666667
ADA NKWANTA,1.6666666666666667,0.0,0.0,16.666666666666664,10.0,0.0,0.0,51.66666666666667,0.0,0.0,13.333333333333334,6.666666666666667
ADAANSE,1.6666666666666667,0.0,0.0,16.666666666666664,10.0,0.0,0.0,51.66666666666667,0.0,0.0,13.333333333333334,6.666666666666667
ADABOKROM,0.0,0.0,0.0,16.666666666666664,0.0,0.0,0.0,61.66666666666667,0.0,0.0,20.0,1.6666666666666667
ADAKOPE,1.6666666666666667,0.0,0.0,16.666666666666664,10.0,0.0,0.0,51.66666666666667,0.0,0.0,13.333333333333334,6.666666666666667
ADANSE,0.0,0.0,0.0,16.666666666666664,0.0,0.0,0.0,61.66666666666667,0.0,0.0,20.0,1.6666666666666667
ADENTIEM,1.6666666666666667,0.0,0.0,16.666666666666664,13.333333333333334,0.0,0.0,45.0,0.0,1.6666666666666667,13.333333333333334,8.333333333333332
ADIENTEM,1.6666666666666667,0.0,0.0,16.666666666666664,13.333333333333334,0.0,0.0,45.0,0.0,1.6666666666666667,13.333333333333334,8.333333333333332
ADIEWOSO,0.0,0.0,0.0,16.666666666666664,1.6666666666666667,0.0,0.0,55.00000000000001,0.0,0.0,21.666666666666668,5.0
ADJEIKROM,1.6666666666666667,0.0,0.0,16.666666666666664,13.333333333333334,0.0,0.0,45.0,0.0,1.6666666666666667,13.333333333333334,8.333333333333332
ADJUMAKO MPATAASE,1.6666666666666667,0.0,0.0,16.666666666666664,13.333333333333334,0.0,0.0,43.333333333333336,0.0,3.3333333333333335,13.333333333333334,8.333333333333332
ADOBEWURA,1.6666666666666667,0.0,0.0,16.666666666666664,13.333333333333334,0.0,0.0,43.333333333333336,0.0,3.3333333333333335,13.333333333333334,8.333333333333332
ADUBRIEM,1.6666666666666667,0.0,0.0,16.666666666666664,13.333333333333334,0.0,0.0,43.333333333333336,0.0,3.3333333333333335,13.333333333333334,8.333333333333332
ADUBRIM,1.6666666666666667,0.0,0.0,16.666666666666664,13.333333333333334,0.0,0.0,43.333333333333336,0.0,3.3333333333333335,13.333333333333334,8.333333333333332
ADUM DOMINASE,1.6666666666666667,0.0,0.0,16.666666666666664,13.333333333333334,0.0,0.0,43.333333333333336,0.0,3.3333333333333335,13.333333333333334,8.333333333333332
ADWOZE,1.6666666666666667,0.0,0.0,16.666666666666664,13.333333333333334,0.0,0.0,43.333333333333336,0.0,3.3333333333333335,13.333333333333334,8.333333333333332
AGONA NKWANTA,1.6666666666666667,0.0,0.0,13.333333333333334,1.6666666666666667,0.0,0.0,56.666666666666664,0.0,0.0,16.666666666666664,10.0
AGONA NKWANTA MKT,1.6666666666666667,0.0,0.0,16.666666666666664,13.333333333333334,0.0,0.0,43.333333333333336,0.0,3.3333333333333335,13.333333333333334,8.333333333333332
AGYADEN,1.6666666666666667,0.0,0.0,16.666666666666664,6.666666666666667,0.0,0.0,43.333333333333336,0.0,3.3333333333333335,20.0,8.333333333333332
AGYAN,1.6666666666666667,0.0,0.0,16.666666666666664,6.666666666666667,0.0,0.0,43.333333333333336,0.0,3.3333333333333335,21.666666666666668,6.666666666666667
AGYEIKROM,1.6666666666666667,0.0,0.0,16.666666666666664,6.666666666666667,0.0,0.0,43.333333333333336,0.0,3.3333333333333335,21.666666666666668,6.666666666666667
AGYEZA,1.6666666666666667,0.0,0.0,16.666666666666664,6.666666666666667,0.0,0.0,43.333333333333336,0.0,3.3333333333333335,21.666666666666668,6.666666666666667
AHOBRE,1.6666666666666667,0.0,0.0,16.666666666666664,6.666666666666667,0.0,0.0,43.333333333333336,0.0,3.3333333333333335,21.666666666666668,6.666666666666667
AHUNYAME,1.6666666666666667,0.0,0.0,16.666666666666664,6.666666666666667,0.0,0.0,43.333333333333336,0.0,3.3333333333333335,20.0,8.333333333333332
AHWIAM,1.6666666666666667,0.0,0.0,16.666666666666664,6.666666666666667,0.0,0.0,43.333333333333336,0.0,3.3333333333333335,20.0,8.333333333333332
AIRPORT RIDGE,1.6666666666666667,0.0,0.0,16.666666666666664,6.666666666666667,0.0,0.0,41.66666666666667,0.0,3.3333333333333335,20.0,10.0
AIYINASI,0.0,0.0,0.0,16.666666666666664,0.0,0.0,0.0,53.333333333333336,0.0,0.0,23.333333333333332,6.666666666666667
AJOMORO ESIAM,1.6666666666666667,0.0,0.0,16.666666666666664,6.666666666666667,0.0,0.0,41.66666666666667,0.0,3.3333333333333335,20.0,10.0
AKANGO,1.6666666666666667,0.0,0.0,16.666666666666664,10.0,0.0,0.0,41.66666666666667,0.0,3.3333333333333335,16.666666666666664,10.0
"AKANGO,AKOSONU,BOMOKROM,AWOLEZO,BANKYIM,BOKRO,AJOMORO,AYISAKRO",1.6666666666666667,0.0,0.0,16.666666666666664,10.0,0.0,0.0,41.66666666666667,0.0,3.3333333333333335,16.666666666666664,10.0
AKETENCHI,1.6666666666666667,0.0,0.0,16.666666666666664,10.0,0.0,0.0,41.66666666666667,0.0,3.3333333333333335,16.666666666666664,10.0
AKONTOMBRA,1.6666666666666667,0.0,0.0,16.666666666666664,10.0,0.0,0.0,41.66666666666667,0.0,3.3333333333333335,16.666666666666664,10.0
AKOON,1.6666666666666667,0.0,0.0,13.333333333333334,1.6666666666666667,0.0,0.0,56.666666666666664,0.0,0.0,15.0,11.666666666666666
AKOSONU,1.6666666666666667,0.0,0.0,16.666666666666664,10.0,0.0,0.0,43.333333333333336,0.0,1.6666666666666667,16.666666666666664,10.0
AKOTO,1.6666666666666667,0.0,0.0,16.666666666666664,10.0,0.0,0.0,43.333333333333336,0.0,1.6666666666666667,16.666666666666664,10.0
AKPANDUE,0.0,0.0,0.0,16.666666666666664,0.0,0.0,0.0,53.333333333333336,0.0,0.0,21.666666666666668,8.333333333333332
AKROPONG,1.6666666666666667,0.0,0.0,13.333333333333334,0.0,0.0,0.0,58.333333333333336,0.0,0.0,20.0,6.666666666666667
AKWIDAA,1.6666666666666667,0.0,0.0,16.666666666666664,5.0,0.0,0.0,43.333333333333336,0.0,3.3333333333333335,20.0,10.0
AKYEMPIM,5.0,0.0,0.0,10.0,0.0,3.3333333333333335,0.0,51.66666666666667,0.0,0.0,0.0,30.0
AKYEPIM,1.6666666666666667,0.0,0.0,16.666666666666664,5.0,0.0,0.0,45.0,0.0,3.3333333333333335,20.0,8.333333333333332
AKYIM,1.6666666666666667,0.0,0.0,16.666666666666664,5.0,0.0,0.0,45.0,0.0,3.3333333333333335,20.0,8.333333333333332
AKYINIM,1.6666666666666667,0.0,0.0,16.666666666666664,5.0,0.0,0.0,43.333333333333336,0.0,8.333333333333332,20.0,5.0
ALEWULE,1.6666666666666667,0.0,0.0,16.666666666666664,5.0,0.0,0.0,43.333333333333336,0.0,8.333333333333332,18.333333333333332,6.666666666666667
ALLAN BEACH,1.6666666666666667,0.0,0.0,16.666666666666664,5.0,0.0,0.0,45.0,0.0,6.666666666666667,18.333333333333332,6.666666666666667
ALLOWULE,1.6666666666666667,0.0,0.0,16.666666666666664,5.0,0.0,0.0,45.0,0.0,6.666666666666667,18.333333333333332,6.666666666666667
AMAMAMO,1.6666666666666667,0.0,0.0,16.666666666666664,5.0,0.0,0.0,45.0,0.0,6.666666666666667,18.333333333333332,6.666666666666667
AMANFUL,1.6666666666666667,0.0,0.0,16.666666666666664,6.666666666666667,0.0,0.0,46.666666666666664,0.0,6.666666666666667,15.0,6.666666666666667
AMANVUMANU,3.3333333333333335,0.0,0.0,15.0,3.3333333333333335,0.0,0.0,55.00000000000001,0.0,1.6666666666666667,18.333333333333332,3.3333333333333335
AMANZULE NORTH,3.3333333333333335,0.0,0.0,15.0,3.3333333333333335,0.0,0.0,55.00000000000001,0.0,1.6666666666666667,18.333333333333332,3.3333333333333335
AMISSAHKROM,3.3333333333333335,0.0,0.0,15.0,5.0,0.0,0.0,55.00000000000001,0.0,1.6666666666666667,16.666666666666664,3.3333333333333335
ANAJI,3.3333333333333335,0.0,0.0,11.666666666666666,0.0,0.0,0.0,56.666666666666664,0.0,0.0,18.333333333333332,10.0
ANAJI OLD BRIGADE,3.3333333333333335,0.0,0.0,15.0,3.3333333333333335,0.0,0.0,55.00000000000001,0.0,1.6666666666666667,18.333333333333332,3.3333333333333335
ANAKUM,3.3333333333333335,0.0,0.0,15.0,3.3333333333333335,0.0,0.0,55.00000000000001,0.0,1.6666666666666667,18.333333333333332,3.3333333333333335
"ANKOBRA,EIKWE",3.3333333333333335,0.0,0.0,15.0,3.3333333333333335,0.0,0.0,55.00000000000001,0.0,1.6666666666666667,18.333333333333332,3.3333333333333335
ANLO BEACH,3.3333333333333335,0.0,0.0,11.666666666666666,0.0,0.0,0.0,51.66666666666667,0.0,0.0,23.333333333333332,10.0
"ANLOMATOUPE,HALF ASSINI,TAKINTA,ATWEBA, EDOBO,ELENDA,EFFASU,ENZINYI TIANU,BOAKWA",3.3333333333333335,0.0,0.0,15.0,1.6666666666666667,0.0,0.0,55.00000000000001,0.0,1.6666666666666667,18.333333333333332,5.0
ANLOMATUOPE,3.3333333333333335,0.0,0.0,15.0,3.3333333333333335,0.0,0.0,58.333333333333336,0.0,1.6666666666666667,13.333333333333334,5.0
ANOMAKOKROM,3.3333333333333335,0.0,0.0,15.0,3.3333333333333335,0.0,0.0,55.00000000000001,0.0,3.3333333333333335,13.333333333333334,6.666666666666667
ANTO,3.3333333333333335,0.0,0.0,15.0,3.3333333333333335,0.0,0.0,55.00000000000001,0.0,5.0,11.666666666666666,6.666666666666667
ANTO KUBEKRO,5.0,0.0,0.0,13.333333333333334,3.3333333333333335,0.0,0.0,51.66666666666667,0.0,5.0,11.666666666666666,10.0
"ANTO,ABOSO,DUNKWA,OHIAMADWEN,OLD DABOASE JUNCTION,ASSORKO,KWAABENANOKROM,NEW DABOASE JUNCTION",5.0,0.0,0.0,13.333333333333334,3.3333333333333335,0.0,0.0,51.66666666666667,0.0,5.0,11.666666666666666,10.0
ANWIA,5.0,0.0,0.0,13.333333333333334,3.3333333333333335,0.0,0.0,51.66666666666667,0.0,5.0,11.666666666666666,10.0
APATAIM,5.0,0.0,0.0,13.333333333333334,3.3333333333333335,0.0,0.0,51.66666666666667,0.0,5.0,11.666666666666666,10.0
APEMANYIM,5.0,0.0,0.0,13.333333333333334,3.3333333333333335,0.0,0.0,51.66666666666667,0.0,5.0,11.666666666666666,10.0
APEMENIM,5.0,0.0,0.0,11.666666666666666,3.3333333333333335,0.0,0.0,53.333333333333336,0.0,5.0,11.666666666666666,10.0
APOLLO SANKOBA,5.0,0.0,0.0,13.333333333333334,3.3333333333333335,0.0,0.0,53.333333333333336,0.0,5.0,11.666666666666666,8.333333333333332
APONTENKROM,5.0,0.0,0.0,13.333333333333334,3.3333333333333335,0.0,0.0,51.66666666666667,0.0,5.0,11.666666666666666,10.0
"APOWA, BEAHU, NEW AMANFUL, FUNKO, KEJEBIL",5.0,0.0,0.0,13.333333333333334,3.3333333333333335,0.0,0.0,51.66666666666667,0.0,5.0,11.666666666666666,10.0
APPEATSE,5.0,0.0,0.0,13.333333333333334,3.3333333333333335,0.0,0.0,53.333333333333336,0.0,1.6666666666666667,13.333333333333334,10.0
APPIATSE,3.3333333333333335,0.0,0.0,13.333333333333334,0.0,0.0,0.0,63.33333333333333,0.0,0.0,13.333333333333334,6.666666666666667
APREMDO,5.0,0.0,0.0,13.333333333333334,3.3333333333333335,0.0,0.0,53.333333333333336,0.0,1.6666666666666667,13.333333333333334,10.0
APREMDO TOWN,5.0,0.0,0.0,13.333333333333334,3.3333333333333335,0.0,0.0,53.333333333333336,0.0,1.6666666666666667,13.333333333333334,10.0
"ASAKRANGUA,SAMREABOI,KOKOASE",5.0,0.0,0.0,13.333333333333334,3.3333333333333335,0.0,0.0,53.333333333333336,0.0,1.6666666666666667,13.333333333333334,10.0
ASANKRANGWA,3.3333333333333335,0.0,0.0,13.333333333333334,0.0,0.0,0.0,63.33333333333333,0.0,0.0,13.333333333333334,6.666666666666667
ASANTA,6.666666666666667,0.0,0.0,13.333333333333334,3.3333333333333335,0.0,0.0,53.333333333333336,0.0,1.6666666666666667,13.333333333333334,8.333333333333332
"ASANTA,ASEMKO,OLD BAKANTA,ESIAMA,EKWEI",6.666666666666667,0.0,0.0,13.333333333333334,3.3333333333333335,0.0,0.0,53.333333333333336,0.0,1.6666666666666667,13.333333333333334,8.333333333333332
ASAWINSO,6.666666666666667,0.0,0.0,13.333333333333334,0.0,0.0,0.0,53.333333333333336,0.0,1.6666666666666667,16.666666666666664,8.333333333333332
ASEAMASA,6.666666666666667,0.0,0.0,13.333333333333334,0.0,0.0,0.0,53.333333333333336,0.0,1.6666666666666667,16.666666666666664,8.333333333333332
ASEMASA,6.666666666666667,0.0,0.0,13.333333333333334,0.0,0.0,0.0,53.333333333333336,0.0,1.6666666666666667,16.666666666666664,8.333333333333332
"ASEMASA,AKATENCHIE,ACHOWAI,TIGARI,AHUNTUMAN",6.666666666666667,0.0,0.0,13.333333333333334,0.0,0.0,0.0,53.333333333333336,0.0,1.6666666666666667,16.666666666666664,8.333333333333332
ASEMBA,5.0,0.0,0.0,13.333333333333334,0.0,0.0,0.0,55.00000000000001,0.0,1.6666666666666667,15.0,10.0
ASEMKO,5.0,0.0,0.0,13.333333333333334,0.0,0.0,0.0,55.00000000000001,0.0,1.6666666666666667,15.0,10.0
"ASEMKO,KRISAN,NKROFUL,DADWEN,ASOMASE,BASEKE,SANTASO,BONSUKROM,ASANTA",5.0,0.0,0.0,11.666666666666666,0.0,0.0,0.0,53.333333333333336,0.0,3.3333333333333335,15.0,11.666666666666666
ASEMKOW,5.0,0.0,0.0,11.666666666666666,0.0,0.0,0.0,53.333333333333336,0.0,3.3333333333333335,15.0,11.666666666666666
ASIKAFO-ANBANTEM,3.3333333333333335,0.0,0.0,11.666666666666666,0.0,0.0,0.0,56.666666666666664,0.0,1.6666666666666667,15.0,11.666666666666666
ASSAKAE,3.3333333333333335,0.0,0.0,11.666666666666666,0.0,0.0,0.0,56.666666666666664,0.0,1.6666666666666667,15.0,11.666666666666666
ASSUAWUAH,3.3333333333333335,0.0,0.0,11.666666666666666,0.0,0.0,0.0,56.666666666666664,0.0,1.6666666666666667,13.333333333333334,13.333333333333334
ASUOHYIAM,3.3333333333333335,0.0,0.0,11.666666666666666,0.0,0.0,0.0,68.33333333333333,0.0,0.0,8.333333333333332,8.333333333333332
ATEIKU,5.0,0.0,0.0,10.0,0.0,0.0,0.0,65.0,0.0,0.0,3.3333333333333335,16.666666666666664
ATEIKU OSENSO,3.3333333333333335,0.0,0.0,11.666666666666666,0.0,0.0,0.0,56.666666666666664,0.0,1.6666666666666667,13.333333333333334,13.333333333333334
"ATEIKU,AKUTUASE",3.3333333333333335,0.0,0.0,11.666666666666666,0.0,0.0,0.0,56.666666666666664,0.0,1.6666666666666667,13.333333333333334,13.333333333333334
ATIEKU,3.3333333333333335,0.0,0.0,11.666666666666666,0.0,0.0,0.0,68.33333333333333,0.0,0.0,8.333333333333332,8.333333333333332
ATITSO,3.3333333333333335,0.0,0.0,11.666666666666666,0.0,0.0,0.0,56.666666666666664,0.0,1.6666666666666667,13.333333333333334,13.333333333333334
ATOBRAKROM,3.3333333333333335,0.0,0.0,11.666666666666666,0.0,0.0,0.0,68.33333333333333,0.0,0.0,8.333333333333332,8.333333333333332
ATTAKROM,3.3333333333333335,0.0,0.0,11.666666666666666,0.0,0.0,0.0,56.666666666666664,0.0,1.6666666666666667,13.333333333333334,13.333333333333334
ATWEBAN,3.3333333333333335,0.0,0.0,11.666666666666666,0.0,0.0,0.0,56.666666666666664,0.0,1.6666666666666667,13.333333333333334,13.333333333333334
ATWEREBOANDA,5.0,0.0,0.0,6.666666666666667,0.0,0.0,0.0,56.666666666666664,0.0,5.0,13.333333333333334,13.333333333333334
AVREBO,5.0,0.0,0.0,6.666666666666667,0.0,0.0,0.0,56.666666666666664,0.0,5.0,13.333333333333334,13.333333333333334
"AVREBO,GWIRA BANSO,NUABESA",5.0,0.0,0.0,6.666666666666667,0.0,0.0,0.0,56.666666666666664,0.0,5.0,13.333333333333334,13.333333333333334
AWIEBO,5.0,0.0,0.0,6.666666666666667,0.0,0.0,0.0,56.666666666666664,0.0,5.0,13.333333333333334,13.333333333333334
AWORABO,5.0,0.0,0.0,6.666666666666667,0.0,0.0,0.0,56.666666666666664,0.0,5.0,13.333333333333334,13.333333333333334
AXIM,5.0,0.0,0.0,6.666666666666667,0.0,0.0,0.0,56.666666666666664,0.0,5.0,13.333333333333334,13.333333333333334
AYIEM,5.0,0.0,0.0,10.0,0.0,0.0,0.0,70.0,0.0,0.0,6.666666666666667,8.333333333333332
AYINASI,5.0,0.0,0.0,6.666666666666667,0.0,0.0,0.0,56.666666666666664,0.0,5.0,15.0,11.666666666666666
AYISAKRO,5.0,0.0,0.0,6.666666666666667,0.0,0.0,0.0,56.666666666666664,0.0,5.0,15.0,11.666666666666666
AYISAKROM,5.0,0.0,0.0,6.666666666666667,0.0,0.0,0.0,56.666666666666664,0.0,5.0,15.0,11.666666666666666
AZULELOANU,5.0,0.0,0.0,6.666666666666667,0.0,0.0,0.0,56.666666666666664,0.0,5.0,15.0,11.666666666666666
AZULETI,5.0,0.0,0.0,6.666666666666667,0.0,0.0,0.0,56.666666666666664,0.0,5.0,15.0,11.666666666666666
BADUKROM,5.0,0.0,0.0,6.666666666666667,0.0,0.0,0.0,56.666666666666664,0.0,5.0,15.0,11.666666666666666
BAKAEKYIR,5.0,0.0,0.0,6.666666666666667,0.0,0.0,0.0,56.666666666666664,0.0,5.0,15.0,11.666666666666666
BAKAKYIRE,5.0,0.0,0.0,6.666666666666667,0.0,0.0,0.0,56.666666666666664,0.0,5.0,15.0,11.666666666666666
BAKODO,5.0,0.0,0.0,6.666666666666667,0.0,0.0,0.0,56.666666666666664,0.0,5.0,15.0,11.666666666666666
BAMIAKOR,5.0,0.0,0.0,6.666666666666667,0.0,0.0,0.0,56.666666666666664,0.0,5.0,15.0,11.666666666666666
BAMIANKOR,5.0,0.0,0.0,6.666666666666667,0.0,0.0,0.0,56.666666666666664,0.0,5.0,15.0,11.666666666666666
BANKYEASE,5.0,0.0,0.0,10.0,0.0,0.0,0.0,75.0,0.0,0.0,1.6666666666666667,8.333333333333332
BANKYIM,5.0,0.0,0.0,6.666666666666667,0.0,0.0,0.0,56.666666666666664,0.0,5.0,15.0,11.666666666666666
BANSO,13.333333333333334,0.0,0.0,1.6666666666666667,0.0,0.0,0.0,46.666666666666664,0.0,0.0,0.0,38.333333333333336
BASAKE,5.0,0.0,0.0,10.0,0.0,0.0,0.0,55.00000000000001,0.0,3.3333333333333335,15.0,11.666666666666666
BAWIA,5.0,0.0,0.0,10.0,0.0,0.0,0.0,55.00000000000001,0.0,3.3333333333333335,15.0,11.666666666666666
BEAHU,5.0,0.0,0.0,11.666666666666666,0.0,0.0,0.0,80.0,0.0,0.0,0.0,3.3333333333333335
BEKWAI,5.0,0.0,0.0,10.0,0.0,0.0,0.0,58.333333333333336,0.0,1.6666666666666667,15.0,10.0
BENSO,5.0,0.0,0.0,10.0,0.0,0.0,0.0,83.33333333333334,0.0,0.0,0.0,1.6666666666666667
BENSO ATAKROM,5.0,0.0,0.0,10.0,0.0,0.0,0.0,58.333333333333336,0.0,1.6666666666666667,15.0,10.0
BENSO-NEWSITE,5.0,0.0,0.0,10.0,0.0,0.0,0.0,58.333333333333336,0.0,1.6666666666666667,15.0,10.0
BENSO-NINGO,5.0,0.0,0.0,10.0,0.0,0.0,0.0,58.333333333333336,0.0,1.6666666666666667,15.0,10.0
BEPOH,5.0,0.0,0.0,10.0,0.0,0.0,0.0,56.666666666666664,0.0,1.6666666666666667,15.0,11.666666666666666
BEPOSO,5.0,0.0,0.0,10.0,0.0,0.0,0.0,76.66666666666667,0.0,0.0,0.0,8.333333333333332
BEPPO,5.0,0.0,0.0,10.0,0.0,0.0,0.0,58.333333333333336,0.0,3.3333333333333335,11.666666666666666,11.666666666666666
BEYIN,5.0,0.0,0.0,10.0,0.0,0.0,0.0,56.666666666666664,0.0,3.3333333333333335,13.333333333333334,11.666666666666666
"BEYIN,ELLOYIN,GHANA NUGUA,ALOMATOUPE,JAWAY WHARF,ELUBO,HALF ASSINI,ATWEBANSO,EDOBO,NEW TOWN WHARF",5.0,0.0,0.0,10.0,0.0,0.0,0.0,56.666666666666664,0.0,3.3333333333333335,13.333333333333334,11.666666666666666
BISSASO,5.0,0.0,0.0,10.0,0.0,0.0,0.0,56.666666666666664,0.0,3.3333333333333335,13.333333333333334,11.666666666666666
"BLOCKSO,ASANKRANGWA",5.0,0.0,0.0,10.0,0.0,0.0,0.0,56.666666666666664,0.0,3.3333333333333335,13.333333333333334,11.666666666666666
BOBRAMA,5.0,0.0,0.0,10.0,0.0,0.0,0.0,56.666666666666664,0.0,3.3333333333333335,13.333333333333334,11.666666666666666
BOGOSO,5.0,0.0,0.0,10.0,0.0,0.0,0.0,83.33333333333334,0.0,0.0,0.0,1.6666666666666667
BOINSO,5.0,0.0,0.0,10.0,0.0,0.0,0.0,61.66666666666667,0.0,1.6666666666666667,11.666666666666666,10.0
BOINZAIN,5.0,0.0,0.0,10.0,0.0,0.0,0.0,61.66666666666667,0.0,1.6666666666666667,11.666666666666666,10.0
BOKAZO,5.0,0.0,0.0,10.0,0.0,0.0,0.0,61.66666666666667,0.0,1.6666666666666667,11.666666666666666,10.0
BOKOKROM,5.0,0.0,0.0,10.0,0.0,0.0,0.0,61.66666666666667,0.0,1.6666666666666667,11.666666666666666,10.0
BOKRO,5.0,0.0,0.0,10.0,0.0,0.0,0.0,61.66666666666667,0.0,0.0,13.333333333333334,10.0
BOMOKROM,5.0,0.0,0.0,10.0,0.0,0.0,0.0,61.66666666666667,0.0,0.0,13.333333333333334,10.0
BONDAYE,5.0,0.0,0.0,10.0,0.0,0.0,0.0,61.66666666666667,0.0,0.0,13.333333333333334,10.0
BONSA,5.0,0.0,0.0,10.0,0.0,0.0,0.0,83.33333333333334,0.0,0.0,0.0,1.6666666666666667
BONSAWIRE,5.0,0.0,0.0,10.0,0.0,0.0,0.0,60.0,0.0,0.0,15.0,10.0
BONWIRE JUNCTION,5.0,0.0,0.0,10.0,0.0,0.0,0.0,60.0,0.0,0.0,15.0,10.0
BONYERE,5.0,0.0,0.0,10.0,0.0,0.0,0.0,60.0,0.0,0.0,15.0,10.0
BONYERE BANKYIN,5.0,0.0,0.0,10.0,0.0,0.0,0.0,60.0,0.0,0.0,15.0,10.0
BOPA,5.0,0.0,0.0,10.0,0.0,0.0,0.0,60.0,0.0,0.0,15.0,10.0
BRAHABEBOME,5.0,0.0,0.0,10.0,0.0,0.0,0.0,71.66666666666667,0.0,0.0,0.0,13.333333333333334
BREMAN,5.0,0.0,0.0,10.0,0.0,0.0,0.0,83.33333333333334,0.0,0.0,0.0,1.6666666666666667
BRENUAKYIM,5.0,0.0,0.0,10.0,0.0,0.0,0.0,78.33333333333333,0.0,0.0,3.3333333333333335,3.3333333333333335
BU JUNCTION,5.0,0.0,0.0,10.0,0.0,0.0,0.0,60.0,0.0,0.0,15.0,10.0
BUNG,5.0,0.0,0.0,10.0,0.0,0.0,0.0,60.0,0.0,0.0,15.0,10.0
BUSUA JUNCTION,5.0,0.0,0.0,10.0,0.0,0.0,0.0,60.0,0.0,0.0,15.0,10.0
BUTRE,5.0,0.0,0.0,10.0,0.0,0.0,0.0,83.33333333333334,0.0,0.0,0.0,1.6666666666666667
CANAAN,5.0,0.0,0.0,8.333333333333332,0.0,0.0,0.0,58.333333333333336,0.0,0.0,15.0,13.333333333333334
"CANAAN,SAMREBOI",5.0,0.0,0.0,8.333333333333332,0.0,0.0,0.0,58.333333333333336,0.0,0.0,15.0,13.333333333333334
CINDYS COTTAGE HOUSING AREA,5.0,0.0,0.0,8.333333333333332,0.0,0.0,0.0,60.0,0.0,0.0,13.333333333333334,13.333333333333334
COCOA TOWN,5.0,0.0,0.0,10.0,0.0,0.0,0.0,83.33333333333334,0.0,0.0,0.0,1.6666666666666667
CYANIDE,5.0,0.0,0.0,10.0,0.0,0.0,0.0,83.33333333333334,0.0,0.0,0.0,1.6666666666666667
DABOASE,5.0,0.0,0.0,10.0,0.0,0.0,0.0,83.33333333333334,0.0,0.0,0.0,1.6666666666666667
"DABOASE,SEKYERE ABOADZERAM",5.0,0.0,0.0,8.333333333333332,0.0,0.0,0.0,65.0,0.0,0.0,11.666666666666666,10.0
DAMANG,5.0,0.0,0.0,8.333333333333332,0.0,0.0,0.0,65.0,0.0,0.0,11.666666666666666,10.0
"DAMANG,DUMASI",5.0,0.0,0.0,8.333333333333332,0.0,0.0,0.0,65.0,0.0,0.0,11.666666666666666,10.0
"DAMOAKROM,WASSA AKROPONG",5.0,0.0,0.0,8.333333333333332,0.0,0.0,0.0,65.0,0.0,0.0,11.666666666666666,10.0
DAMTI,5.0,0.0,0.0,8.333333333333332,0.0,0.0,0.0,65.0,0.0,0.0,11.666666666666666,10.0
DEGEDE,5.0,0.0,0.0,8.333333333333332,0.0,0.0,0.0,65.0,0.0,0.0,11.666666666666666,10.0
DIXCOVE,5.0,0.0,0.0,8.333333333333332,0.0,0.0,0.0,70.0,0.0,0.0,0.0,16.666666666666664
DOMEAKROM,5.0,0.0,0.0,8.333333333333332,0.0,0.0,0.0,65.0,0.0,0.0,11.666666666666666,10.0
"DOMINASE,KYEIKROM,ASUMAUM",5.0,0.0,0.0,8.333333333333332,0.0,0.0,0.0,65.0,0.0,0.0,11.666666666666666,10.0
"DOMINASE,TREBOUM,AYIEM,MPOHOR,BANSO",5.0,0.0,0.0,8.333333333333332,0.0,0.0,0.0,65.0,0.0,0.0,11.666666666666666,10.0
DOMPIM,5.0,0.0,0.0,8.333333333333332,0.0,0.0,0.0,70.0,0.0,0.0,0.0,16.666666666666664
DOMPIM-PEPESA,5.0,0.0,0.0,8.333333333333332,0.0,0.0,0.0,66.66666666666666,0.0,0.0,10.0,10.0
DUAHOROZO,5.0,0.0,0.0,8.333333333333332,0.0,0.0,0.0,66.66666666666666,0.0,0.0,10.0,10.0
"DUALE,AJOMORO,SIKA NYEASEM,AVREBO,NUABESA,GWIRA-BANSO,BAMIANKOR,SENTUM",5.0,0.0,0.0,8.333333333333332,0.0,0.0,0.0,66.66666666666666,0.0,0.0,10.0,10.0
"DUALE,KUTUKROM,BAMIANKOR",5.0,0.0,0.0,8.333333333333332,0.0,0.0,0.0,66.66666666666666,0.0,0.0,10.0,10.0
DWIFE,5.0,0.0,0.0,8.333333333333332,0.0,0.0,0.0,66.66666666666666,0.0,0.0,10.0,10.0
EAST TANOKROM,5.0,0.0,0.0,6.666666666666667,0.0,0.0,0.0,66.66666666666666,0.0,1.6666666666666667,10.0,10.0
"EDELESUAZO,ANAGYE,EWUKU,EGUAFO,AGONA",5.0,0.0,0.0,6.666666666666667,0.0,0.0,0.0,66.66666666666666,0.0,1.6666666666666667,10.0,10.0
EDWENASE,5.0,0.0,0.0,6.666666666666667,0.0,0.0,0.0,66.66666666666666,0.0,1.6666666666666667,10.0,10.0
EFFIA,5.0,0.0,0.0,10.0,0.0,0.0,0.0,83.33333333333334,0.0,0.0,0.0,1.6666666666666667
EFFIAKUMA ZONGO,5.0,0.0,0.0,6.666666666666667,0.0,0.0,0.0,68.33333333333333,0.0,1.6666666666666667,8.333333333333332,10.0
"EFUANTA,KYEKYERWERE,ESUOSO,ADEYIE,BONSA,NKRAN,ADIEWOSO,ESSAMANG",5.0,0.0,0.0,6.666666666666667,0.0,0.0,0.0,68.33333333333333,0.0,1.6666666666666667,8.333333333333332,10.0
EHOAKA,5.0,0.0,0.0,6.666666666666667,0.0,0.0,0.0,68.33333333333333,0.0,1.6666666666666667,8.333333333333332,10.0
EHYIRESO,5.0,0.0,0.0,6.666666666666667,0.0,0.0,0.0,68.33333333333333,0.0,1.6666666666666667,8.333333333333332,10.0
EKEGYINA,5.0,0.0,0.0,6.666666666666667,0.0,0.0,0.0,68.33333333333333,0.0,0.0,8.333333333333332,11.666666666666666
EKWEI,5.0,0.0,0.0,10.0,0.0,0.0,0.0,80.0,0.0,0.0,0.0,5.0
ELLOWULE,5.0,0.0,0.0,6.666666666666667,0.0,0.0,0.0,68.33333333333333,0.0,0.0,8.333333333333332,11.666666666666666
ELUBO,5.0,0.0,0.0,10.0,0.0,0.0,0.0,80.0,0.0,0.0,0.0,5.0
"ELUBO,ANWIAFUTU,SOWODAZIM",5.0,0.0,0.0,8.333333333333332,0.0,0.0,0.0,66.66666666666666,0.0,0.0,10.0,10.0
ENCHI,5.0,0.0,0.0,8.333333333333332,0.0,0.0,0.0,66.66666666666666,0.0,0.0,10.0,10.0
"ENCHI,OLD YKASE,NEW YAKASE,BOINSO,OMANYEPE",5.0,0.0,0.0,8.333333333333332,0.0,0.0,0.0,66.66666666666666,0.0,0.0,10.0,10.0
ENOE,5.0,0.0,0.0,8.333333333333332,0.0,0.0,0.0,65.0,0.0,0.0,10.0,11.666666666666666
"ENYINASE,NSUAEM",5.0,0.0,0.0,8.333333333333332,0.0,0.0,0.0,65.0,0.0,0.0,10.0,11.666666666666666
ENZINITIANU,5.0,1.6666666666666667,0.0,8.333333333333332,0.0,0.0,0.0,65.0,0.0,0.0,8.333333333333332,11.666666666666666
ESHIEM,5.0,0.0,0.0,11.666666666666666,0.0,0.0,0.0,81.66666666666667,0.0,0.0,0.0,1.6666666666666667
ESIAMA,28.333333333333332,0.0,0.0,0.0,0.0,0.0,0.0,40.0,1.6666666666666667,0.0,0.0,30.0
ESIKAFOAMBANTEM NO1,5.0,1.6666666666666667,0.0,6.666666666666667,0.0,0.0,0.0,65.0,0.0,0.0,8.333333333333332,13.333333333333334
ESSAMAN,5.0,1.6666666666666667,0.0,6.666666666666667,0.0,0.0,0.0,65.0,0.0,0.0,8.333333333333332,13.333333333333334
ESSAMANG,5.0,1.6666666666666667,0.0,6.666666666666667,0.0,0.0,0.0,66.66666666666666,0.0,0.0,6.666666666666667,13.333333333333334
ESSIKADO,5.0,1.6666666666666667,0.0,6.666666666666667,0.0,0.0,0.0,66.66666666666666,0.0,0.0,6.666666666666667,13.333333333333334
ESSIPONG,5.0,1.6666666666666667,0.0,6.666666666666667,0.0,0.0,0.0,66.66666666666666,0.0,0.0,6.666666666666667,13.333333333333334
"ESSIPONG,ESSAMAM,MPINTSIN",5.0,1.6666666666666667,0.0,6.666666666666667,0.0,0.0,0.0,66.66666666666666,0.0,0.0,6.666666666666667,13.333333333333334
ESUMANKROM,5.0,1.6666666666666667,0.0,6.666666666666667,0.0,0.0,0.0,66.66666666666666,0.0,0.0,6.666666666666667,13.333333333333334
EWUSIEDJOE,5.0,1.6666666666666667,0.0,6.666666666666667,0.0,0.0,0.0,66.66666666666666,0.0,0.0,6.666666666666667,13.333333333333334
EWUSIEJOE,5.0,1.6666666666666667,0.0,6.666666666666667,0.0,0.0,0.0,66.66666666666666,0.0,0.0,6.666666666666667,13.333333333333334
EZINLINBO,5.0,1.6666666666666667,0.0,6.666666666666667,0.0,0.0,0.0,66.66666666666666,0.0,0.0,6.666666666666667,13.333333333333334
FANTI MINES SHAFT,5.0,1.6666666666666667,0.0,6.666666666666667,0.0,0.0,0.0,71.66666666666667,0.0,0.0,3.3333333333333335,11.666666666666666
FAWOMANYE,5.0,5.0,0.0,6.666666666666667,0.0,0.0,0.0,66.66666666666666,0.0,0.0,1.6666666666666667,15.0
FIATI,5.0,5.0,0.0,6.666666666666667,0.0,0.0,0.0,66.66666666666666,0.0,0.0,1.6666666666666667,15.0
FIJAI TOWN,5.0,5.0,0.0,6.666666666666667,0.0,0.0,0.0,65.0,0.0,0.0,3.3333333333333335,15.0
FORDJOKROM,5.0,6.666666666666667,0.0,6.666666666666667,0.0,0.0,0.0,61.66666666666667,0.0,0.0,5.0,15.0
FUTA,5.0,6.666666666666667,0.0,6.666666666666667,0.0,0.0,0.0,61.66666666666667,0.0,0.0,5.0,15.0
GHANA NUNGUA,5.0,6.666666666666667,0.0,6.666666666666667,0.0,0.0,0.0,61.66666666666667,0.0,0.0,5.0,15.0
"GHANA NUNGUA, COCOA TOWN.JAWAY",5.0,6.666666666666667,0.0,6.666666666666667,0.0,0.0,0.0,61.66666666666667,0.0,0.0,5.0,15.0
GWIRA BANSO,5.0,6.666666666666667,0.0,6.666666666666667,0.0,0.0,0.0,61.66666666666667,0.0,0.0,5.0,15.0
GYABENEKROM,5.0,6.666666666666667,0.0,6.666666666666667,0.0,0.0,0.0,61.66666666666667,0.0,0.0,5.0,15.0
"GYAKROM,AFRIKROM",6.666666666666667,3.3333333333333335,0.0,5.0,0.0,0.0,0.0,61.66666666666667,0.0,0.0,8.333333333333332,15.0
GYAMAN,6.666666666666667,3.3333333333333335,0.0,5.0,0.0,0.0,0.0,61.66666666666667,0.0,0.0,8.333333333333332,15.0
"GYIMAKROM,ADADEKROM",6.666666666666667,5.0,0.0,5.0,0.0,0.0,0.0,61.66666666666667,0.0,0.0,6.666666666666667,15.0
GYINAKO,6.666666666666667,1.6666666666666667,0.0,5.0,0.0,0.0,0.0,63.33333333333333,0.0,0.0,8.333333333333332,15.0
H/ASSINI,6.666666666666667,1.6666666666666667,0.0,5.0,0.0,0.0,0.0,63.33333333333333,0.0,0.0,8.333333333333332,15.0
HALF ASSIN,6.666666666666667,1.6666666666666667,0.0,5.0,0.0,0.0,0.0,63.33333333333333,0.0,0.0,8.333333333333332,15.0
HALF ASSINI,5.0,0.0,0.0,8.333333333333332,0.0,0.0,0.0,66.66666666666666,0.0,0.0,0.0,20.0
"HALF ASSINI , ADUSUAZO",6.666666666666667,1.6666666666666667,0.0,5.0,0.0,0.0,0.0,63.33333333333333,0.0,0.0,8.333333333333332,15.0
"HALF ASSINI,JAWAY WHARF,MPEASEM,SENTE",6.666666666666667,1.6666666666666667,0.0,5.0,0.0,0.0,0.0,63.33333333333333,0.0,0.0,8.333333333333332,15.0
HEAVEN ON EARTH,6.666666666666667,1.6666666666666667,0.0,5.0,0.0,0.0,0.0,63.33333333333333,0.0,0.0,8.333333333333332,15.0
HIMAN,6.666666666666667,1.6666666666666667,0.0,5.0,0.0,0.0,0.0,63.33333333333333,0.0,0.0,8.333333333333332,15.0
HOPOTO,6.666666666666667,3.3333333333333335,0.0,5.0,0.0,0.0,0.0,61.66666666666667,0.0,0.0,8.333333333333332,15.0
"HOSPITAL RIDGE,EDUCATION OFFICED,YIRASE,ASUOHYIAM",6.666666666666667,3.3333333333333335,0.0,5.0,0.0,0.0,0.0,61.66666666666667,0.0,0.0,8.333333333333332,15.0
HUJIBRE,8.333333333333332,1.6666666666666667,0.0,5.0,0.0,0.0,0.0,63.33333333333333,0.0,0.0,6.666666666666667,15.0
"INCHABAN,ESSUMANKROM",8.333333333333332,1.6666666666666667,0.0,5.0,0.0,0.0,0.0,63.33333333333333,0.0,0.0,6.666666666666667,15.0
"INCHABAN,SHAMA JUNCTION,BEPOSO",8.333333333333332,1.6666666666666667,0.0,5.0,0.0,0.0,0.0,63.33333333333333,0.0,0.0,6.666666666666667,15.0
ITUMA,8.333333333333332,1.6666666666666667,0.0,5.0,0.0,0.0,0.0,63.33333333333333,0.0,0.0,6.666666666666667,15.0
J COMPOUND,8.333333333333332,1.6666666666666667,0.0,5.0,0.0,0.0,0.0,63.33333333333333,0.0,0.0,6.666666666666667,15.0
J/WHARF,8.333333333333332,1.6666666666666667,0.0,5.0,0.0,0.0,0.0,63.33333333333333,0.0,0.0,6.666666666666667,15.0
JAMESBOA,8.333333333333332,1.6666666666666667,0.0,5.0,0.0,0.0,0.0,63.33333333333333,0.0,0.0,6.666666666666667,15.0
"JAPA,ASUOJA,KROBO GYEDUA,DOMEABRA,WANTRAM",8.333333333333332,1.6666666666666667,0.0,5.0,0.0,0.0,0.0,63.33333333333333,0.0,0.0,6.666666666666667,15.0
JAWAY,8.333333333333332,0.0,0.0,11.666666666666666,0.0,0.0,0.0,65.0,0.0,0.0,8.333333333333332,6.666666666666667
JERUSALEM,8.333333333333332,0.0,0.0,5.0,0.0,0.0,0.0,63.33333333333333,0.0,0.0,8.333333333333332,15.0
"JOMRO,MANTSEMANKABI,MENTUKWA,ELEBO ZONGO,NEWTOWN,BANYIN,ELEBO CEMETRY,ELEBO GYINAKRO,ELEBO POST OFFICE",8.333333333333332,0.0,0.0,5.0,0.0,0.0,0.0,63.33333333333333,0.0,0.0,8.333333333333332,15.0
JUABEN,8.333333333333332,0.0,0.0,5.0,0.0,0.0,0.0,63.33333333333333,0.0,0.0,8.333333333333332,15.0
JUABOSO,8.333333333333332,0.0,0.0,5.0,0.0,0.0,0.0,63.33333333333333,0.0,0.0,8.333333333333332,15.0
"JUKWAA,HEMAA,ASUNDA",8.333333333333332,0.0,0.0,5.0,0.0,0.0,0.0,63.33333333333333,0.0,0.0,8.333333333333332,15.0
K PROPER,8.333333333333332,0.0,0.0,5.0,0.0,0.0,0.0,63.33333333333333,0.0,0.0,8.333333333333332,15.0
K.PROPER,8.333333333333332,0.0,0.0,5.0,0.0,0.0,0.0,63.33333333333333,0.0,0.0,8.333333333333332,15.0
"K9,MANSO",8.333333333333332,0.0,0.0,5.0,0.0,0.0,0.0,63.33333333333333,0.0,0.0,8.333333333333332,15.0
KABIESIE,8.333333333333332,0.0,0.0,5.0,0.0,0.0,0.0,63.33333333333333,0.0,0.0,8.333333333333332,15.0
KABSUAZO,8.333333333333332,0.0,0.0,5.0,0.0,0.0,0.0,63.33333333333333,0.0,0.0,8.333333333333332,15.0
KAKUSUADO,8.333333333333332,0.0,0.0,5.0,0.0,0.0,0.0,63.33333333333333,0.0,0.0,8.333333333333332,15.0
KAKUSUZO,8.333333333333332,0.0,0.0,5.0,0.0,0.0,0.0,63.33333333333333,0.0,0.0,8.333333333333332,15.0
KANSAWORDO,10.0,0.0,0.0,8.333333333333332,0.0,0.0,0.0,66.66666666666666,0.0,0.0,8.333333333333332,6.666666666666667
KANSAWORODO,10.0,0.0,0.0,5.0,0.0,0.0,0.0,61.66666666666667,0.0,1.6666666666666667,6.666666666666667,15.0
KEGYINA,10.0,0.0,0.0,8.333333333333332,0.0,0.0,0.0,66.66666666666666,0.0,0.0,8.333333333333332,6.666666666666667
KEJABIL,10.0,0.0,0.0,8.333333333333332,0.0,0.0,0.0,66.66666666666666,0.0,0.0,8.333333333333332,6.666666666666667
KETAN,10.0,0.0,0.0,5.0,0.0,0.0,0.0,61.66666666666667,0.0,1.6666666666666667,6.666666666666667,15.0
KIKAM,10.0,0.0,0.0,5.0,0.0,0.0,0.0,61.66666666666667,0.0,1.6666666666666667,6.666666666666667,15.0
KOFIKROM,10.0,0.0,0.0,5.0,0.0,0.0,0.0,61.66666666666667,0.0,1.6666666666666667,6.666666666666667,15.0
KOJOKROM,10.0,0.0,0.0,5.0,0.0,0.0,0.0,61.66666666666667,0.0,1.6666666666666667,6.666666666666667,15.0
KOJOKROM ALATASEMENAFOM,10.0,0.0,0.0,5.0,0.0,0.0,0.0,63.33333333333333,0.0,1.6666666666666667,6.666666666666667,13.333333333333334
"KOJOKROM,WEST FIJAI,DIABENE,ADAKOPE,KWEIKUMA RIDGE",10.0,0.0,0.0,5.0,0.0,0.0,0.0,63.33333333333333,0.0,1.6666666666666667,6.666666666666667,13.333333333333334
KOKOMPE NO.1,8.333333333333332,0.0,0.0,5.0,0.0,0.0,0.0,58.333333333333336,0.0,0.0,13.333333333333334,15.0
KOMFREKU,8.333333333333332,0.0,0.0,5.0,0.0,0.0,0.0,58.333333333333336,0.0,0.0,13.333333333333334,15.0
KPOKORKOPE,8.333333333333332,0.0,0.0,5.0,0.0,0.0,0.0,56.666666666666664,0.0,0.0,15.0,15.0
KRAYAWKROM,8.333333333333332,0.0,0.0,5.0,0.0,0.0,0.0,56.666666666666664,0.0,0.0,15.0,15.0
KROFROM,8.333333333333332,0.0,0.0,5.0,0.0,0.0,0.0,55.00000000000001,0.0,0.0,16.666666666666664,15.0
KRUTOWN,8.333333333333332,0.0,0.0,5.0,0.0,0.0,0.0,55.00000000000001,0.0,0.0,16.666666666666664,15.0
"KUBEKOR,NTAAKROM",8.333333333333332,0.0,0.0,5.0,0.0,0.0,0.0,55.00000000000001,0.0,0.0,16.666666666666664,15.0
KWABENG,8.333333333333332,0.0,0.0,5.0,0.0,0.0,0.0,55.00000000000001,0.0,0.0,16.666666666666664,15.0
KWAMENAKROM,8.333333333333332,0.0,0.0,5.0,0.0,0.0,0.0,55.00000000000001,0.0,0.0,16.666666666666664,15.0
KWASIKROM,6.666666666666667,0.0,0.0,5.0,0.0,0.0,0.0,53.333333333333336,0.0,0.0,16.666666666666664,18.333333333333332
"KWASIKRU,SOMPRE",6.666666666666667,0.0,0.0,5.0,0.0,0.0,0.0,53.333333333333336,0.0,0.0,16.666666666666664,18.333333333333332
KWEIKUMA BUS TOP,8.333333333333332,0.0,0.0,5.0,0.0,0.0,0.0,55.00000000000001,0.0,0.0,15.0,16.666666666666664
KWEIKUMA CAPRICE,8.333333333333332,0.0,0.0,5.0,0.0,0.0,0.0,55.00000000000001,0.0,0.0,15.0,16.666666666666664
KWEIKUMA RIDGE,8.333333333333332,0.0,0.0,5.0,0.0,0.0,0.0,55.00000000000001,0.0,0.0,15.0,16.666666666666664
KWESIMINTSIM,6.666666666666667,0.0,0.0,6.666666666666667,0.0,0.0,0.0,65.0,0.0,0.0,8.333333333333332,13.333333333333334
"KWESIMINTSIM,I ADU",8.333333333333332,0.0,0.0,5.0,0.0,0.0,0.0,55.00000000000001,0.0,0.0,15.0,16.666666666666664
"LOW COST,IBS DOWN,MARTA,KWESI BUKRO",8.333333333333332,0.0,0.0,5.0,0.0,0.0,0.0,55.00000000000001,0.0,0.0,15.0,16.666666666666664
LOWER INCHABAN,8.333333333333332,0.0,0.0,5.0,0.0,0.0,0.0,55.00000000000001,0.0,0.0,15.0,16.666666666666664
LOWER NEW TAKORADI,6.666666666666667,0.0,0.0,6.666666666666667,0.0,0.0,0.0,63.33333333333333,0.0,0.0,15.0,8.333333333333332
Location,6.666666666666667,0.0,0.0,5.0,0.0,0.0,0.0,58.333333333333336,0.0,0.0,15.0,15.0
MANSO,13.333333333333334,0.0,0.0,1.6666666666666667,0.0,0.0,0.0,31.666666666666664,0.0,0.0,8.333333333333332,45.0
MANSO AMENFI,8.333333333333332,0.0,0.0,3.3333333333333335,0.0,0.0,0.0,58.333333333333336,0.0,0.0,15.0,15.0
"MANSO,BANSO,EDAA,DOMINASE",8.333333333333332,0.0,0.0,3.3333333333333335,0.0,0.0,0.0,58.333333333333336,0.0,0.0,15.0,15.0
MANTEMANKABI,8.333333333333332,0.0,0.0,3.3333333333333335,0.0,0.0,0.0,58.333333333333336,0.0,0.0,15.0,15.0
MANTUKWA,8.333333333333332,0.0,0.0,1.6666666666666667,0.0,0.0,0.0,60.0,0.0,0.0,15.0,15.0
MARKET,6.666666666666667,0.0,0.0,5.0,0.0,0.0,0.0,71.66666666666667,0.0,0.0,10.0,6.666666666666667
MBEM,10.0,0.0,0.0,1.6666666666666667,1.6666666666666667,0.0,0.0,53.333333333333336,0.0,1.6666666666666667,15.0,16.666666666666664
MBOFRADWEN,10.0,0.0,0.0,1.6666666666666667,1.6666666666666667,0.0,0.0,53.333333333333336,0.0,1.6666666666666667,15.0,16.666666666666664
MEMPEASEM,10.0,0.0,0.0,1.6666666666666667,1.6666666666666667,0.0,0.0,53.333333333333336,0.0,1.6666666666666667,15.0,16.666666666666664
MENZEZOR,10.0,0.0,0.0,1.6666666666666667,1.6666666666666667,0.0,0.0,53.333333333333336,0.0,1.6666666666666667,15.0,16.666666666666664
METIKA,10.0,0.0,0.0,1.6666666666666667,1.6666666666666667,0.0,0.0,53.333333333333336,0.0,1.6666666666666667,15.0,16.666666666666664
MISIBA,10.0,0.0,0.0,1.6666666666666667,1.6666666666666667,0.0,0.0,53.333333333333336,0.0,1.6666666666666667,15.0,16.666666666666664
"MPATABA,NEW NZULEZO",10.0,0.0,0.0,1.6666666666666667,1.6666666666666667,0.0,0.0,53.333333333333336,0.0,1.6666666666666667,15.0,16.666666666666664
MPATASE,11.666666666666666,0.0,0.0,1.6666666666666667,1.6666666666666667,0.0,0.0,55.00000000000001,0.0,1.6666666666666667,11.666666666666666,16.666666666666664
MPAYINASA,11.666666666666666,0.0,0.0,1.6666666666666667,1.6666666666666667,0.0,0.0,55.00000000000001,0.0,0.0,13.333333333333334,16.666666666666664
MPEASEM,6.666666666666667,0.0,0.0,5.0,0.0,0.0,0.0,66.66666666666666,0.0,0.0,15.0,6.666666666666667
MPINTSIN,8.333333333333332,0.0,0.0,5.0,0.0,0.0,0.0,68.33333333333333,0.0,0.0,11.666666666666666,6.666666666666667
MPOHOR,6.666666666666667,0.0,0.0,0.0,0.0,0.0,0.0,28.333333333333332,23.333333333333332,0.0,8.333333333333332,33.33333333333333
"MPOHOYABEW,OBRAYEBONA,TREBUO",11.666666666666666,0.0,0.0,1.6666666666666667,1.6666666666666667,0.0,0.0,55.00000000000001,0.0,1.6666666666666667,11.666666666666666,16.666666666666664
MUMUNI,11.666666666666666,0.0,0.0,1.6666666666666667,1.6666666666666667,0.0,0.0,53.333333333333336,0.0,1.6666666666666667,11.666666666666666,18.333333333333332
MUNICIPALITY,11.666666666666666,0.0,0.0,1.6666666666666667,1.6666666666666667,0.0,0.0,53.333333333333336,0.0,1.6666666666666667,11.666666666666666,18.333333333333332
NDABULA,11.666666666666666,0.0,0.0,1.6666666666666667,1.6666666666666667,0.0,0.0,53.333333333333336,0.0,1.6666666666666667,11.666666666666666,18.333333333333332
NEW BAKANTA,11.666666666666666,0.0,0.0,1.6666666666666667,1.6666666666666667,0.0,0.0,53.333333333333336,0.0,1.6666666666666667,11.666666666666666,18.333333333333332
NEW BANKATA,11.666666666666666,0.0,0.0,1.6666666666666667,1.6666666666666667,0.0,0.0,55.00000000000001,0.0,1.6666666666666667,11.666666666666666,16.666666666666664
NEW BENSO,11.666666666666666,0.0,0.0,1.6666666666666667,1.6666666666666667,0.0,0.0,55.00000000000001,0.0,1.6666666666666667,11.666666666666666,16.666666666666664
NEW DABOASE JUNCTION,11.666666666666666,0.0,0.0,1.6666666666666667,1.6666666666666667,0.0,0.0,55.00000000000001,0.0,1.6666666666666667,11.666666666666666,16.666666666666664
NEW EDOBO,11.666666666666666,0.0,0.0,1.6666666666666667,1.6666666666666667,0.0,0.0,55.00000000000001,0.0,1.6666666666666667,11.666666666666666,16.666666666666664
"NEW EDOBO,OLD EDOBO,HALF ASSINI,BENYIN",11.666666666666666,0.0,0.0,1.6666666666666667,1.6666666666666667,0.0,0.0,55.00000000000001,0.0,1.6666666666666667,11.666666666666666,16.666666666666664
NEW GYASIKROM,11.666666666666666,0.0,0.0,1.6666666666666667,1.6666666666666667,0.0,0.0,55.00000000000001,0.0,1.6666666666666667,11.666666666666666,16.666666666666664
NEW JERUSALEM,11.666666666666666,0.0,0.0,1.6666666666666667,1.6666666666666667,0.0,0.0,55.00000000000001,0.0,1.6666666666666667,11.666666666666666,16.666666666666664
NEW MANKESSIM,13.333333333333334,0.0,0.0,1.6666666666666667,3.3333333333333335,0.0,0.0,56.666666666666664,0.0,1.6666666666666667,6.666666666666667,16.666666666666664
"NEW NZULEZO,MPATADO",15.0,0.0,0.0,1.6666666666666667,3.3333333333333335,0.0,0.0,51.66666666666667,0.0,1.6666666666666667,6.666666666666667,20.0
NEW TAKORADI,15.0,0.0,0.0,1.6666666666666667,3.3333333333333335,0.0,0.0,51.66666666666667,0.0,1.6666666666666667,6.666666666666667,20.0
NEW TOWN,10.0,0.0,0.0,5.0,0.0,0.0,0.0,61.66666666666667,0.0,0.0,13.333333333333334,10.0
NEW YAKASI,15.0,0.0,0.0,1.6666666666666667,3.3333333333333335,0.0,0.0,51.66666666666667,0.0,1.6666666666666667,6.666666666666667,20.0
NEWSITE,10.0,0.0,0.0,5.0,0.0,0.0,0.0,61.66666666666667,0.0,0.0,13.333333333333334,10.0
NEWSITE F-COMPOUND,15.0,0.0,0.0,1.6666666666666667,3.3333333333333335,0.0,0.0,51.66666666666667,0.0,1.6666666666666667,6.666666666666667,20.0
NEWTOWN,13.333333333333334,0.0,0.0,1.6666666666666667,3.3333333333333335,0.0,0.0,55.00000000000001,0.0,3.3333333333333335,6.666666666666667,16.666666666666664
NFANTE LANE,13.333333333333334,0.0,0.0,1.6666666666666667,3.3333333333333335,0.0,0.0,55.00000000000001,0.0,3.3333333333333335,6.666666666666667,16.666666666666664
NGIRESIA,13.333333333333334,0.0,0.0,1.6666666666666667,1.6666666666666667,0.0,0.0,56.666666666666664,0.0,3.3333333333333335,6.666666666666667,16.666666666666664
NKAKAA,11.666666666666666,0.0,0.0,1.6666666666666667,1.6666666666666667,0.0,0.0,60.0,0.0,3.3333333333333335,6.666666666666667,15.0
NKAKEM,10.0,0.0,0.0,5.0,0.0,0.0,0.0,63.33333333333333,0.0,0.0,13.333333333333334,8.333333333333332
"NKAMPONASE,DOMPIM",10.0,0.0,0.0,1.6666666666666667,1.6666666666666667,0.0,0.0,60.0,0.0,3.3333333333333335,6.666666666666667,16.666666666666664
NKETIESO,10.0,0.0,0.0,1.6666666666666667,1.6666666666666667,0.0,0.0,60.0,0.0,3.3333333333333335,6.666666666666667,16.666666666666664
NKETSIAKROM,10.0,0.0,0.0,1.6666666666666667,1.6666666666666667,0.0,0.0,60.0,0.0,3.3333333333333335,6.666666666666667,16.666666666666664
NKROFUL,6.666666666666667,0.0,0.0,5.0,0.0,0.0,0.0,56.666666666666664,0.0,0.0,15.0,16.666666666666664
NKROFUL NKWANTA,10.0,0.0,0.0,1.6666666666666667,1.6666666666666667,0.0,0.0,60.0,0.0,3.3333333333333335,6.666666666666667,16.666666666666664
"NKROFUL,DIABENE,KANSAWORODO",8.333333333333332,0.0,0.0,3.3333333333333335,1.6666666666666667,0.0,0.0,60.0,0.0,1.6666666666666667,6.666666666666667,18.333333333333332
NO.2 J2 COMPOUND,8.333333333333332,0.0,0.0,3.3333333333333335,1.6666666666666667,0.0,0.0,60.0,0.0,1.6666666666666667,6.666666666666667,18.333333333333332
NSEIN,10.0,0.0,0.0,5.0,0.0,0.0,0.0,61.66666666666667,0.0,0.0,13.333333333333334,10.0
NSUAEM,8.333333333333332,0.0,0.0,3.3333333333333335,1.6666666666666667,0.0,0.0,55.00000000000001,0.0,1.6666666666666667,6.666666666666667,23.333333333333332
NSUAEM . DOMPIM,8.333333333333332,0.0,0.0,3.3333333333333335,1.6666666666666667,0.0,0.0,55.00000000000001,0.0,1.6666666666666667,6.666666666666667,23.333333333333332
NSUANO,8.333333333333332,0.0,0.0,3.3333333333333335,1.6666666666666667,0.0,0.0,56.666666666666664,0.0,1.6666666666666667,6.666666666666667,21.666666666666668
NSUOPUN,8.333333333333332,0.0,0.0,3.3333333333333335,1.6666666666666667,0.0,0.0,56.666666666666664,0.0,1.6666666666666667,6.666666666666667,21.666666666666668
"NTAKOFUL,KANSAWORDO,DIBENE",10.0,0.0,0.0,3.3333333333333335,1.6666666666666667,0.0,0.0,56.666666666666664,0.0,0.0,8.333333333333332,20.0
NTAMAKROM,10.0,0.0,0.0,3.3333333333333335,1.6666666666666667,0.0,0.0,55.00000000000001,0.0,0.0,8.333333333333332,21.666666666666668
NVELLENU,10.0,0.0,0.0,5.0,0.0,0.0,0.0,61.66666666666667,0.0,0.0,13.333333333333334,10.0
NYAKAMAM,10.0,0.0,0.0,3.3333333333333335,1.6666666666666667,0.0,0.0,55.00000000000001,0.0,0.0,8.333333333333332,21.666666666666668
NYAME NNAE,10.0,0.0,0.0,3.3333333333333335,1.6666666666666667,0.0,0.0,55.00000000000001,0.0,0.0,8.333333333333332,21.666666666666668
NYANSO,8.333333333333332,0.0,0.0,3.3333333333333335,1.6666666666666667,0.0,0.0,55.00000000000001,0.0,0.0,8.333333333333332,23.333333333333332
NZEMALINE,8.333333333333332,0.0,0.0,3.3333333333333335,0.0,0.0,0.0,66.66666666666666,0.0,0.0,13.333333333333334,8.333333333333332
OBENKROM,10.0,0.0,0.0,3.3333333333333335,1.6666666666666667,0.0,0.0,61.66666666666667,0.0,0.0,8.333333333333332,15.0
OBOKROM,10.0,0.0,0.0,3.3333333333333335,1.6666666666666667,0.0,0.0,58.333333333333336,0.0,0.0,8.333333333333332,18.333333333333332
OBRAYEBONA,10.0,0.0,0.0,3.3333333333333335,1.6666666666666667,0.0,0.0,58.333333333333336,0.0,0.0,8.333333333333332,18.333333333333332
ODAA AHENKRO,10.0,0.0,0.0,3.3333333333333335,1.6666666666666667,0.0,0.0,58.333333333333336,0.0,0.0,8.333333333333332,18.333333333333332
OHIAMAWEN,10.0,0.0,0.0,3.3333333333333335,1.6666666666666667,0.0,0.0,56.666666666666664,0.0,0.0,11.666666666666666,16.666666666666664
OLD EDOBO,10.0,0.0,0.0,3.3333333333333335,1.6666666666666667,0.0,0.0,56.666666666666664,0.0,0.0,11.666666666666666,16.666666666666664
"OLD EDOBO,NEWEDOBO,ATWEBANSO",10.0,0.0,0.0,3.3333333333333335,1.6666666666666667,0.0,0.0,56.666666666666664,0.0,0.0,11.666666666666666,16.666666666666664
"OLD SUBRI,BAASE",10.0,0.0,0.0,3.3333333333333335,1.6666666666666667,0.0,0.0,56.666666666666664,0.0,0.0,11.666666666666666,16.666666666666664
OLD TOWN,10.0,0.0,0.0,3.3333333333333335,1.6666666666666667,0.0,0.0,56.666666666666664,0.0,0.0,11.666666666666666,16.666666666666664
"OLD TOWN,KWAMNAEKROM,ROMAN CATHOLIC SCHOOL",10.0,0.0,0.0,3.3333333333333335,1.6666666666666667,0.0,0.0,56.666666666666664,0.0,0.0,11.666666666666666,16.666666666666664
OLD YAKASI,10.0,0.0,0.0,3.3333333333333335,1.6666666666666667,0.0,0.0,56.666666666666664,0.0,0.0,11.666666666666666,16.666666666666664
OMANYEPE,10.0,0.0,0.0,3.3333333333333335,1.6666666666666667,0.0,0.0,56.666666666666664,0.0,0.0,11.666666666666666,16.666666666666664
OMAPE,10.0,0.0,0.0,3.3333333333333335,1.6666666666666667,0.0,0.0,56.666666666666664,0.0,0.0,11.666666666666666,16.666666666666664
OPPONG VALLEY,10.0,0.0,0.0,3.3333333333333335,1.6666666666666667,0.0,0.0,56.666666666666664,0.0,0.0,11.666666666666666,16.666666666666664
PABOASE,10.0,0.0,0.0,3.3333333333333335,1.6666666666666667,0.0,0.0,56.666666666666664,0.0,0.0,11.666666666666666,16.666666666666664
PATAKORO,10.0,0.0,0.0,3.3333333333333335,1.6666666666666667,0.0,0.0,56.666666666666664,0.0,0.0,11.666666666666666,16.666666666666664
PEAWUDIE,10.0,0.0,0.0,3.3333333333333335,1.6666666666666667,0.0,0.0,56.666666666666664,0.0,0.0,11.666666666666666,16.666666666666664
PENSAN,10.0,0.0,0.0,3.3333333333333335,1.6666666666666667,0.0,0.0,56.666666666666664,0.0,0.0,11.666666666666666,16.666666666666664
PONTOSO,10.0,0.0,0.0,3.3333333333333335,1.6666666666666667,0.0,0.0,56.666666666666664,0.0,0.0,11.666666666666666,16.666666666666664
POST OFFICE,10.0,0.0,0.0,3.3333333333333335,1.6666666666666667,0.0,0.0,56.666666666666664,0.0,0.0,11.666666666666666,16.666666666666664
PRESTEA,10.0,0.0,0.0,3.3333333333333335,0.0,0.0,0.0,58.333333333333336,0.0,0.0,18.333333333333332,10.0
PRESTEA NKWANTA,10.0,0.0,0.0,3.3333333333333335,1.6666666666666667,0.0,0.0,58.333333333333336,0.0,0.0,11.666666666666666,15.0
PRINCESS AKATAKYI,10.0,0.0,0.0,3.3333333333333335,1.6666666666666667,0.0,0.0,58.333333333333336,0.0,0.0,11.666666666666666,15.0
PROSO,11.666666666666666,0.0,0.0,3.3333333333333335,3.3333333333333335,0.0,0.0,58.333333333333336,0.0,0.0,8.333333333333332,15.0
QUEEN OF PEACE,11.666666666666666,0.0,0.0,3.3333333333333335,3.3333333333333335,0.0,0.0,58.333333333333336,0.0,0.0,8.333333333333332,15.0
RACE COURSE,11.666666666666666,0.0,0.0,3.3333333333333335,3.3333333333333335,0.0,0.0,58.333333333333336,0.0,0.0,8.333333333333332,15.0
RAILWAY BANGALOW,11.666666666666666,0.0,0.0,3.3333333333333335,3.3333333333333335,0.0,0.0,58.333333333333336,0.0,0.0,8.333333333333332,15.0
RAILWAY QTR,10.0,0.0,0.0,3.3333333333333335,0.0,0.0,0.0,65.0,0.0,0.0,16.666666666666664,5.0
RAINSTORM,10.0,0.0,0.0,3.3333333333333335,3.3333333333333335,0.0,0.0,56.666666666666664,0.0,0.0,8.333333333333332,18.333333333333332
REGIMANUEL ESTATE,10.0,0.0,0.0,3.3333333333333335,3.3333333333333335,0.0,0.0,58.333333333333336,0.0,0.0,8.333333333333332,16.666666666666664
"SALAMI,EDUCATION,HOSPITAL RIDGE,DWENASE",10.0,0.0,0.0,3.3333333333333335,3.3333333333333335,0.0,0.0,58.333333333333336,0.0,0.0,8.333333333333332,16.666666666666664
SALMA,8.333333333333332,0.0,0.0,3.3333333333333335,0.0,0.0,0.0,66.66666666666666,0.0,0.0,16.666666666666664,5.0
SAMREBOI,10.0,0.0,0.0,3.3333333333333335,1.6666666666666667,0.0,0.0,60.0,0.0,0.0,8.333333333333332,16.666666666666664
SANKOFA,10.0,0.0,0.0,1.6666666666666667,1.6666666666666667,0.0,0.0,63.33333333333333,0.0,0.0,8.333333333333332,15.0
SANKOR,10.0,0.0,0.0,1.6666666666666667,1.6666666666666667,0.0,0.0,65.0,0.0,0.0,8.333333333333332,13.333333333333334
SANZULE EWE COMM.,6.666666666666667,0.0,0.0,1.6666666666666667,0.0,0.0,0.0,73.33333333333333,0.0,0.0,16.666666666666664,1.6666666666666667
SANZULE EWE COMMUNITY,10.0,0.0,0.0,1.6666666666666667,0.0,0.0,0.0,66.66666666666666,0.0,0.0,8.333333333333332,13.333333333333334
"SANZULE,ANNORKYI,BASAKE,KAMBULI",10.0,0.0,0.0,1.6666666666666667,0.0,0.0,0.0,66.66666666666666,0.0,0.0,8.333333333333332,13.333333333333334
SARBON ZONGO,10.0,0.0,0.0,1.6666666666666667,0.0,0.0,0.0,66.66666666666666,0.0,0.0,8.333333333333332,13.333333333333334
SEK. RAILWAYS SLUMS,6.666666666666667,0.0,0.0,1.6666666666666667,0.0,0.0,0.0,73.33333333333333,0.0,0.0,16.666666666666664,1.6666666666666667
SEKONDI,6.666666666666667,0.0,0.0,1.6666666666666667,0.0,0.0,0.0,70.0,0.0,0.0,16.666666666666664,5.0
SEKYERE ABOROADZEMU,10.0,0.0,0.0,3.3333333333333335,0.0,0.0,0.0,63.33333333333333,0.0,0.0,8.333333333333332,15.0
SEKYERE ABRODZERUM,10.0,0.0,0.0,3.3333333333333335,0.0,0.0,0.0,63.33333333333333,0.0,0.0,8.333333333333332,15.0
SEKYEREKROBO,10.0,0.0,0.0,3.3333333333333335,0.0,0.0,0.0,63.33333333333333,0.0,0.0,8.333333333333332,15.0
SEKYREADIEMBRA,10.0,0.0,0.0,3.3333333333333335,0.0,0.0,0.0,63.33333333333333,0.0,0.0,8.333333333333332,15.0
SENTE,10.0,0.0,0.0,3.3333333333333335,0.0,0.0,0.0,63.33333333333333,0.0,0.0,8.333333333333332,15.0
"SENTUM,GWIRA ESIAM,",10.0,0.0,0.0,3.3333333333333335,0.0,0.0,0.0,63.33333333333333,0.0,0.0,8.333333333333332,15.0
SHAMA,1.6666666666666667,0.0,0.0,3.3333333333333335,0.0,0.0,0.0,75.0,0.0,0.0,8.333333333333332,11.666666666666666
SHAMA JUNCTION,6.666666666666667,0.0,0.0,3.3333333333333335,0.0,0.0,0.0,66.66666666666666,0.0,0.0,16.666666666666664,6.666666666666667
SHAMA KUMASI,10.0,0.0,0.0,3.3333333333333335,0.0,0.0,0.0,65.0,0.0,0.0,8.333333333333332,13.333333333333334
SIKA NTI,10.0,0.0,0.0,3.3333333333333335,0.0,0.0,0.0,65.0,0.0,0.0,8.333333333333332,13.333333333333334
SIKANEASEM,10.0,0.0,0.0,3.3333333333333335,0.0,0.0,0.0,65.0,0.0,0.0,8.333333333333332,13.333333333333334
SIMPA,10.0,0.0,0.0,3.3333333333333335,0.0,0.0,0.0,65.0,0.0,0.0,8.333333333333332,13.333333333333334
SKYEREHIMAN,10.0,0.0,0.0,3.3333333333333335,0.0,0.0,0.0,65.0,0.0,0.0,8.333333333333332,13.333333333333334
SOFO ZONGO,10.0,0.0,0.0,3.3333333333333335,0.0,0.0,0.0,65.0,0.0,0.0,8.333333333333332,13.333333333333334
SOMPRE,10.0,0.0,0.0,3.3333333333333335,0.0,0.0,0.0,65.0,0.0,0.0,8.333333333333332,13.333333333333334
SOUTH EFFIAKUMA ESTATE,10.0,0.0,0.0,3.3333333333333335,0.0,0.0,0.0,63.33333333333333,0.0,0.0,8.333333333333332,15.0
SOWUDADZIM,10.0,0.0,0.0,3.3333333333333335,0.0,0.0,0.0,63.33333333333333,0.0,0.0,8.333333333333332,15.0
SUBRI,10.0,0.0,0.0,3.3333333333333335,0.0,0.0,0.0,63.33333333333333,0.0,0.0,8.333333333333332,15.0
"SUBRISO,AKOON NZEMAFOKROM,BANSO DOMEABRA",10.0,0.0,0.0,3.3333333333333335,0.0,0.0,0.0,63.33333333333333,0.0,0.0,8.333333333333332,15.0
SUPOMU-DUNKWA,10.0,0.0,0.0,3.3333333333333335,0.0,0.0,0.0,63.33333333333333,0.0,0.0,8.333333333333332,15.0
SUSUMENELEE,10.0,0.0,0.0,3.3333333333333335,0.0,0.0,0.0,63.33333333333333,0.0,0.0,8.333333333333332,15.0
TAKINTA,10.0,0.0,0.0,3.3333333333333335,0.0,0.0,0.0,63.33333333333333,0.0,0.0,8.333333333333332,15.0
TAKORADI,6.666666666666667,0.0,0.0,3.3333333333333335,0.0,0.0,0.0,66.66666666666666,0.0,0.0,16.666666666666664,6.666666666666667
TAKORADI ADAKOPE,10.0,0.0,1.6666666666666667,3.3333333333333335,0.0,0.0,0.0,63.33333333333333,0.0,0.0,8.333333333333332,13.333333333333334
TAKORADI AMANFUL,5.0,0.0,0.0,3.3333333333333335,0.0,0.0,0.0,68.33333333333333,0.0,0.0,16.666666666666664,6.666666666666667
TAKORADI MANKWADZI ROAD,10.0,0.0,3.3333333333333335,3.3333333333333335,0.0,0.0,0.0,61.66666666666667,0.0,0.0,8.333333333333332,13.333333333333334
TAKORADI MARKET,10.0,0.0,3.3333333333333335,3.3333333333333335,0.0,0.0,0.0,61.66666666666667,0.0,0.0,8.333333333333332,13.333333333333334
TAKORADI NO.1,10.0,0.0,3.3333333333333335,3.3333333333333335,0.0,0.0,0.0,61.66666666666667,0.0,0.0,8.333333333333332,13.333333333333334
TAKORADI ZENITH AREA,10.0,0.0,3.3333333333333335,3.3333333333333335,0.0,0.0,0.0,61.66666666666667,0.0,0.0,8.333333333333332,13.333333333333334
TANDAN,10.0,0.0,3.3333333333333335,3.3333333333333335,0.0,0.0,0.0,61.66666666666667,0.0,0.0,8.333333333333332,13.333333333333334
TANOKROM,10.0,0.0,3.3333333333333335,3.3333333333333335,0.0,0.0,0.0,61.66666666666667,0.0,0.0,8.333333333333332,13.333333333333334
TARKWA,10.0,0.0,3.3333333333333335,3.3333333333333335,0.0,0.0,0.0,61.66666666666667,0.0,0.0,8.333333333333332,13.333333333333334
TARKWA BANSO,10.0,0.0,3.3333333333333335,3.3333333333333335,0.0,0.0,0.0,63.33333333333333,0.0,0.0,8.333333333333332,11.666666666666666
TARKWA NA ABOSO,10.0,0.0,3.3333333333333335,3.3333333333333335,0.0,0.0,0.0,63.33333333333333,0.0,0.0,8.333333333333332,11.666666666666666
TEBAKROM,10.0,0.0,3.3333333333333335,3.3333333333333335,0.0,0.0,0.0,60.0,0.0,0.0,8.333333333333332,15.0
TEBEREBE JUNCTION,8.333333333333332,0.0,3.3333333333333335,1.6666666666666667,0.0,0.0,0.0,58.333333333333336,0.0,0.0,8.333333333333332,20.0
TEBEREBIE,8.333333333333332,0.0,3.3333333333333335,3.3333333333333335,0.0,0.0,0.0,56.666666666666664,0.0,0.0,8.333333333333332,20.0
TEBREBE,10.0,0.0,3.3333333333333335,1.6666666666666667,0.0,0.0,1.6666666666666667,51.66666666666667,0.0,0.0,6.666666666666667,25.0
TORSEN,10.0,0.0,3.3333333333333335,1.6666666666666667,0.0,0.0,1.6666666666666667,51.66666666666667,0.0,0.0,6.666666666666667,25.0
TTI,10.0,0.0,3.3333333333333335,1.6666666666666667,0.0,0.0,1.6666666666666667,51.66666666666667,0.0,0.0,6.666666666666667,25.0
UPPER INCHABAN,10.0,0.0,3.3333333333333335,1.6666666666666667,1.6666666666666667,0.0,1.6666666666666667,51.66666666666667,0.0,0.0,6.666666666666667,23.333333333333332
WASSA AFRANSIE,11.666666666666666,0.0,1.6666666666666667,5.0,0.0,0.0,0.0,58.333333333333336,0.0,0.0,16.666666666666664,6.666666666666667
WASSA AGONA,10.0,0.0,3.3333333333333335,3.3333333333333335,3.3333333333333335,0.0,1.6666666666666667,55.00000000000001,0.0,0.0,1.6666666666666667,21.666666666666668
"WASSA AKODAAKROM,AKROPONG, DAWURAMPONG,ADONNOE",10.0,0.0,3.3333333333333335,3.3333333333333335,3.3333333333333335,0.0,1.6666666666666667,51.66666666666667,0.0,0.0,1.6666666666666667,25.0
WASSA AKROPONG,5.0,0.0,0.0,5.0,0.0,0.0,0.0,51.66666666666667,0.0,0.0,10.0,28.333333333333332
"WASSA AKROPONG,ABROKYIRE KROBO,AFRANSIE",10.0,0.0,3.3333333333333335,1.6666666666666667,3.3333333333333335,0.0,1.6666666666666667,51.66666666666667,0.0,0.0,1.6666666666666667,26.666666666666668
WASSA ANKYIASE,10.0,0.0,3.3333333333333335,1.6666666666666667,3.3333333333333335,0.0,1.6666666666666667,51.66666666666667,0.0,0.0,1.6666666666666667,26.666666666666668
"WASSA ASIKUMA,WASSA ADANSE,GYEDUA,BAWDIE",10.0,0.0,3.3333333333333335,1.6666666666666667,3.3333333333333335,0.0,1.6666666666666667,51.66666666666667,0.0,0.0,1.6666666666666667,26.666666666666668
WASSA ASUNDUA,10.0,0.0,3.3333333333333335,0.0,6.666666666666667,0.0,1.6666666666666667,40.0,0.0,0.0,6.666666666666667,31.666666666666664
WASSA BAWDIE,10.0,0.0,3.3333333333333335,0.0,6.666666666666667,0.0,1.6666666666666667,40.0,0.0,0.0,6.666666666666667,31.666666666666664
WASSA DAMAN,10.0,0.0,1.6666666666666667,0.0,6.666666666666667,0.0,1.6666666666666667,40.0,0.0,0.0,6.666666666666667,33.33333333333333
WASSA DUNKWA,8.333333333333332,0.0,1.6666666666666667,0.0,0.0,0.0,0.0,18.333333333333332,0.0,1.6666666666666667,6.666666666666667,63.33333333333333
WASSA MAMEISO,6.666666666666667,0.0,0.0,0.0,0.0,0.0,0.0,11.666666666666666,0.0,1.6666666666666667,5.0,75.0
WASSA MOSEASO,6.666666666666667,0.0,0.0,0.0,0.0,0.0,0.0,11.666666666666666,0.0,1.6666666666666667,5.0,75.0
WASSA SAA,6.666666666666667,0.0,0.0,0.0,0.0,0.0,0.0,11.666666666666666,0.0,1.6666666666666667,5.0,75.0
WASSA SUHYENSU,6.666666666666667,0.0,0.0,0.0,0.0,0.0,0.0,11.666666666666666,0.0,1.6666666666666667,5.0,75.0
"WEST FIJAI,KOJOKROM,ENOE",6.666666666666667,0.0,0.0,0.0,0.0,0.0,0.0,11.666666666666666,0.0,1.6666666666666667,5.0,75.0
WHINDO,6.666666666666667,0.0,0.0,0.0,0.0,0.0,0.0,11.666666666666666,0.0,1.6666666666666667,5.0,75.0
WHINDO NEWSITE,6.666666666666667,0.0,0.0,0.0,0.0,0.0,0.0,11.666666666666666,0.0,1.6666666666666667,5.0,75.0
YAKASI,6.666666666666667,0.0,0.0,0.0,0.0,0.0,0.0,11.666666666666666,0.0,1.6666666666666667,5.0,75.0
YEDIYESELE,6.666666666666667,0.0,0.0,0.0,0.0,0.0,0.0,11.666666666666666,0.0,1.6666666666666667,5.0,75.0
YENSUADO,6.666666666666667,0.0,0.0,0.0,0.0,0.0,0.0,11.666666666666666,0.0,1.6666666666666667,5.0,75.0
YENSUADO(NAVAL QTRS),6.666666666666667,0.0,0.0,0.0,0.0,0.0,0.0,11.666666666666666,0.0,1.6666666666666667,5.0,75.0
ZONGO,6.666666666666667,0.0,0.0,0.0,0.0,0.0,0.0,10.0,0.0,0.0,8.333333333333332,75.0
